slug,name,page,page_position,datetime_est,venue,live_stats_id,final_stats_id
bkfc-1-eight-man-heavyweight-tournament-quarterfinals,BKFC 1: Eight Man Heavyweight Tournament Quarterfinals,15,10,"June 2, 2018 8:00 PM","Cheyenne, Wyoming",,321.0
bkfc-2-rawlings-vs-hart,BKFC 2: Rawlings vs. Hart,15,9,"August 25, 2018 8:00 PM","Biloxi, Mississippi",,320.0
bkfc-3-adams-vs-shewmaker,BKFC 3: Adams vs. Shewmaker,15,8,"October 20, 2018 8:00 PM","Biloxi, Mississippi",,319.0
bkfc-4-usa-vs-mexico,BKFC 4: USA vs. Mexico,15,7,"February 2, 2019 7:00 PM","Cancún, Quintana Roo, Mexico",,318.0
bkfc-5-lobov-vs-knight,BKFC 5: Lobov vs. Knight,15,6,"April 6, 2019 8:00 PM","Biloxi, Mississippi",,317.0
bkfc-6-malignaggi-vs-lobov,BKFC 6: Malignaggi vs Lobov,15,5,"June 22, 2019 8:00 PM",,,316.0
bkfc-7-alers-vs-garcia,BKFC 7: Alers vs. Garcia,15,4,"August 10, 2019 8:00 PM",,,315.0
bkfc-8-silva-vs-gonzaga,BKFC 8: Silva vs. Gonzaga,15,3,"October 19, 2019 8:00 PM",,,314.0
bkfc-9-lobov-vs-knight-2,BKFC 9: Lobov vs Knight 2,15,2,"November 16, 2019 8:00 PM","Biloxi, Mississippi",,313.0
bkfc-10-lombard-vs-mundell,BKFC 10 Lombard vs. Mundell,15,1,"February 15, 2020 7:00 PM","Fort Lauderdale, Florida",,312.0
bkfc-11-vallie-flagg-vs-palomino,BKFC 11 Vallie-Flagg vs Palomino,14,10,"July 24, 2020 9:00 PM","Oxford, MS",,307.0
bkfc-12-alves-vs-lane,BKFC 12 Alves vs Lane,14,9,"September 11, 2020 10:00 PM","Datona Beach, FL",,306.0
bkfc-13-beltran-vs-stamps,BKFC 13 Beltran vs Stamps,14,8,"October 10, 2020 9:00 PM","Salina, KS",,304.0
bkfc-14-palomino-vs-alers,BKFC 14 Palomino vs Alers,14,7,"November 13, 2020 8:00 PM","Miami, FL",,302.0
bkfc-15-obannon-vs-shewmaker,BKFC 15 O'Bannon vs Shewmaker,14,6,"December 11, 2020 7:00 PM","Biloxi, MS",,301.0
knucklemania,KNUCKLEMANIA,14,5,"February 5, 2021 7:00 PM","Lakeland, Florida",,299.0
bkfc-16-garcia-vs-elmore,BKFC 16 Garcia vs Elmore,14,4,"March 19, 2021 8:00 PM","Biloxi, MS",,300.0
bkfc-17-birmingham,BKFC 17 Birmingham,14,3,"April 30, 2021 9:00 PM","Birmingham, AL",,298.0
bkfc-18-beltran-vs-shewmaker,BKFC 18 Beltran vs Shewmaker,14,2,"June 26, 2021 9:00 PM","Hollywood, FL",,297.0
bkfc-19-vanzant-vs-ostovich,BKFC 19 VanZant vs Ostovich,14,1,"July 23, 2021 8:00 PM","Tampa, FL",,296.0
bkfc-20-bedford-vs-barnett-jr,BKFC 20 Bedford vs Barnett Jr,13,10,"August 20, 2021 9:00 PM","Biloxi, MS",,295.0
bkfc-21-cochrane-vs-richman,BKFC 21 Cochrane vs Richman,13,9,"September 10, 2021 7:00 PM","Omaha, Nebraska",,293.0
bkfc-montana,BKFC Montana,13,8,"October 9, 2021 8:00 PM","Billings, MT",,292.0
bkfc-wichita,BKFC WICHITA,13,7,"October 23, 2021 8:00 PM","Wichita, KS",,291.0
bkfc-new-york,BKFC NEW YORK,13,6,"November 6, 2021 7:00 PM","Seneca, NY",,290.0
bkfc-22-lombard-vs-hunt,BKFC 22 Lombard vs Hunt,13,5,"November 12, 2021 8:00 PM","Miami, FL",,287.0
bkfc-tampa,BKFC TAMPA,13,4,"December 9, 2021 7:00 PM","Tampa, FL",,285.0
bkfc-thailand,BKFC Thailand,13,3,"December 18, 2021 3:00 PM",Pattaya,,288.0
bkfc-jackson,BKFC JACKSON,13,2,"January 29, 2022 8:00 PM","Jackson, MS",,284.0
knucklemania-ii,KNUCKLEMANIA II,13,1,"February 19, 2022 6:30 PM","Hollywood, FL",,283.0
bkfc-new-york-ii,BKFC NEW YORK II,12,10,"March 12, 2022 8:00 PM","Seneca, NY",,282.0
bkfc-23-richman-vs-rickels,BKFC 23 Richman vs Rickels,12,9,"April 8, 2022 8:00 PM","Wichita, KS",,289.0
bkfc-ft-lauderdale,BKFC FT LAUDERDALE,12,8,"April 21, 2022 8:00 PM","Ft. Lauderdale, FL",279.0,310.0
bkfc-24-hunt-vs-riggs,BKFC 24 Hunt vs Riggs,12,7,"April 30, 2022 8:00 PM","Great Falls, MT",309.0,322.0
bkfc-25-adams-vs-cleckler,BKFC 25 Adams vs Cleckler,12,6,"May 6, 2022 8:00 PM","Orlando, FL",325.0,328.0
bkfc-thailand-2,BKFC Thailand 2,12,5,"May 7, 2022 10:00 AM","Pattaya, Thailand",,326.0
bkfc-fight-night-cochrane-vs-dyer,BKFC Fight Night Cochrane vs Dyer,12,4,"May 13, 2022 9:00 PM","Omaha, NB",332.0,334.0
bkfc-fight-night-belcher-vs-tate,BKFC Fight Night Belcher vs Tate,12,3,"June 11, 2022 8:00 PM","Jackson, MS",330.0,341.0
bkfc-26-brito-vs-palomino,BKFC 26 Brito vs Palomino,12,2,"June 24, 2022 7:30 PM","Hollywood, FL",339.0,346.0
bkfc-fight-night-tampa-2,BKFC Fight Night: Tampa 2,12,1,"July 23, 2022 8:00 PM","Tampa, FL",344.0,354.0
bkfc-27-london,BKFC 27 LONDON,11,10,"August 20, 2022 1:00 PM","London, England",340.0,357.0
bkfc-28-albuquerque,BKFC 28 ALBUQUERQUE,11,9,"August 27, 2022 4:00 PM","Albuquerque, NM",358.0,358.0
bkfc-praethsaithy-3-buakaw-vs-varol,BKFC ประเทศไทย 3: Buakaw vs Varol,11,8,"September 3, 2022 12:00 AM",กรุงเทพ,359.0,364.0
bkfc-29-montana-2,BKFC 29 MONTANA 2,11,7,"September 10, 2022 8:00 PM","Great Falls, MT",362.0,367.0
bkfc-30-hunt-vs-henry,BKFC 30 Hunt vs Henry,11,6,"October 1, 2022 3:00 PM","Monroe, LA",363.0,374.0
bkfc-31-denver-richman-vs-doolittle,BKFC 31 DENVER: RICHMAN vs DOOLITTLE,11,5,"October 15, 2022 7:00 PM","Denver, Colorado",371.0,379.0
bkfc-32-orlando,BKFC 32 ORLANDO,11,4,"November 5, 2022 5:00 AM","Orlando, FL",377.0,378.0
bkfc-33-omaha-beltran-vs-alexander,BKFC 33 OMAHA Beltran vs Alexander,11,3,"November 18, 2022 8:00 PM","Omaha, Nebraska",391.0,392.0
bkfc-newcastle-terrill-vs-banks,BKFC NEWCASTLE: TERRILL vs BANKS,11,2,"November 26, 2022 2:00 PM","Newcastle, UK",393.0,397.0
bkfc-34-hollywood,BKFC 34 HOLLYWOOD,11,1,"December 3, 2022 7:00 PM","Hollywood, Florida",398.0,399.0
bkfc-thailand-4,BKFC Thailand 4,10,10,"December 9, 2022 6:30 PM",Bangkok,400.0,404.0
bkfc-35-myrtle-beach,BKFC 35 MYRTLE BEACH,10,9,"January 27, 2023 8:00 PM","Myrtle Beach, SC",407.0,408.0
bkfc-knucklemania-iii,BKFC KNUCKLEMANIA III,10,8,"February 17, 2023 8:00 PM","Albuquerque, NM",412.0,413.0
bkfc-36-new-orleans,BKFC 36 NEW ORLEANS,10,7,"February 24, 2023 8:00 PM","Kenner, LA",410.0,411.0
bkfc-37-london,BKFC 37 LONDON,10,6,"March 4, 2023 2:00 PM","London, UK",416.0,417.0
bkfc-39-norfolk,BKFC 39 NORFOLK,10,5,"March 24, 2023 8:00 PM","Norfolk, VA",437.0,438.0
bkfc-38-nguyen-vs-straus,BKFC 38 NGUYEN vs STRAUS,10,4,"April 21, 2023 8:00 PM","Hollywood, FL",430.0,431.0
bkfc-40-holmes-vs-christie,BKFC 40 HOLMES vs CHRISTIE,10,3,"April 22, 2023 2:00 PM","Leeds, United Kingdom",481.0,482.0
bkfc-41-colorado,BKFC 41 COLORADO,10,2,"April 29, 2023 8:00 PM","Denver, CO",483.0,484.0
bkfc-42-greenville,BKFC 42 GREENVILLE,10,1,"May 12, 2023 8:00 PM","Greenville, SC",486.0,487.0
bkfc-43-omaha-alexander-vs-smith,BKFC 43 OMAHA Alexander vs Smith,9,10,"May 19, 2023 8:00 PM","Omaha, NE",497.0,498.0
bkfc-44-montana,BKFC 44 MONTANA,9,9,"June 9, 2023 8:00 PM","Great Falls, MT",505.0,506.0
bkfc-45-palomino-vs-lilley,BKFC 45 PALOMINO vs LILLEY,9,8,"June 23, 2023 8:00 PM","Hollywood, FL",512.0,513.0
bkfc-46-newcastle-franco-vs-harris,BKFC 46 NEWCASTLE FRANCO vs HARRIS,9,7,"July 1, 2023 2:00 PM",Newcastle,514.0,515.0
bkfc-47-lakeland-mundell-vs-richman,BKFC 47 LAKELAND MUNDELL vs RICHMAN,9,6,"July 14, 2023 8:00 PM","Lakeland, FL",516.0,517.0
bkfc-48-albuquerque,BKFC 48 ALBUQUERQUE,9,5,"August 11, 2023 8:00 PM","Albuquerque, NM",527.0,528.0
bkfc-prospects-1-miami,BKFC Prospects 1 Miami,9,4,"August 24, 2023 9:00 PM",Florida,532.0,
bkfc-49-miami,BKFC 49 MIAMI,9,3,"August 25, 2023 8:00 PM",Florida,530.0,531.0
bkfc-50-denver,BKFC 50 DENVER,9,2,"September 22, 2023 8:00 PM","Denver, CO",533.0,541.0
bkfc-51-salem,BKFC 51 SALEM,9,1,"September 29, 2023 8:00 PM","Salem, VA",534.0,542.0
bkfc-prospect-series-2,BKFC Prospect Series 2,8,10,"October 14, 2023 3:00 PM",Liverpool,538.0,556.0
bkfc-52-south-carolina,BKFC 52 SOUTH CAROLINA,8,9,"October 20, 2023 8:00 PM","Columbia, SC",535.0,543.0
bkfc-53-orlando,BKFC 53 ORLANDO,8,8,"November 3, 2023 8:00 PM","Orlando, FL",536.0,544.0
bkfc-thailand-5,BKFC Thailand 5,8,7,"November 4, 2023 9:00 AM",Pattaya,539.0,546.0
bkfc-54-bulgaria,BKFC 54 BULGARIA,8,6,"November 17, 2023 1:00 PM","Sofia, Bulgaria",548.0,557.0
bkfc-55-leeds,BKFC 55 LEEDS,8,5,"November 18, 2023 2:00 PM",,547.0,549.0
bkfc-56-utah,BKFC 56 UTAH,8,4,"December 2, 2023 9:00 PM","Salt Lake City, UT",537.0,545.0
fight-night-prospect-albuquerque,Fight Night Prospect Albuquerque,8,3,"January 27, 2024 9:00 PM","Albuquerque, NM",633.0,634.0
bkfc-57-hollywood,BKFC 57 Hollywood,8,2,"February 2, 2024 8:00 PM","Hollywood, FL",566.0,568.0
fight-night-prospect-manassas,Fight Night Prospect Manassas,8,1,"February 16, 2024 8:00 PM","Manassas, VA",635.0,636.0
fight-night-prospect-canada,Fight Night Prospect Canada,7,10,"March 2, 2024 9:00 PM","Enoch, Alberta",637.0,638.0
bkfc-fight-night-miami,BKFC Fight Night Miami,7,9,"March 15, 2024 8:00 PM","Miami, FL",656.0,657.0
bkfc-58-bulgaria,BKFC 58 BULGARIA,7,8,"March 22, 2024 3:00 PM","Sofia, Bulgaria",650.0,651.0
bkfc-59-dodson-vs-aguero,BKFC 59 DODSON vs AGUERO,7,7,"March 29, 2024 8:00 PM","Albuquerque, NM",652.0,653.0
bkfc-60-milton-keynes,BKFC 60 MILTON KEYNES,7,6,"April 6, 2024 2:00 PM",Milton Keynes,658.0,659.0
bkfc-fight-night-clearwater,BKFC Fight Night Clearwater,7,5,"April 12, 2024 8:00 PM","Clearwater, FL",685.0,678.0
bkfc-knucklemania-iv,BKFC KNUCKLEMANIA IV,7,4,"April 27, 2024 9:00 PM","Los Angeles, CA",679.0,680.0
bkfc-61-rivera-vs-straus,BKFC 61 RIVERA vs STRAUS,7,3,"May 11, 2024 7:00 PM","Uncasville, CT",681.0,682.0
bkfc-fight-night-omaha,BKFC FIGHT NIGHT OMAHA,7,2,"May 17, 2024 8:00 PM","Omaha, NE",695.0,696.0
bkfc-fight-night-mexico,BKFC Fight Night Mexico,7,1,"May 25, 2024 8:00 PM","Puebla, Mexico",697.0,698.0
bkfc-fight-night-prospects-denver,BKFC Fight Night Prospects Denver,6,10,"May 31, 2024 9:00 PM","Denver, CO",699.0,700.0
bkfc-prospects-newcastle,BKFC PROSPECTS NEWCASTLE,6,9,"June 8, 2024 2:00 PM",Newcastle,710.0,711.0
bkfc-62-hollywood,BKFC 62 HOLLYWOOD,6,8,"June 21, 2024 8:00 PM","HOLLYWOOD, FL",712.0,713.0
bkfc-fight-night-pechanga,BKFC FIGHT NIGHT PECHANGA Peralta vs Warr,6,7,"July 12, 2024 9:00 PM","Temecula, CA",729.0,730.0
bkfc-63-hart-vs-starling,BKFC 63 HART vs STARLING,6,6,"August 3, 2024 9:00 PM","STURGIS, SOUTH DAKOTA",741.0,742.0
bkfc-64-coventry-tierney-vs-graham,BKFC 64 COVENTRY TIERNEY vs GRAHAM,6,5,"August 10, 2024 2:00 PM","COVENTRY, UNITED KINGDOM",743.0,744.0
bkfc-fight-night-kansas-city,BKFC FIGHT NIGHT KANSAS CITY,6,4,"August 16, 2024 9:00 PM","KANSAS CITY, KANSAS",745.0,746.0
bkfc-prospects-edmonton,BKFC PROSPECTS EDMONTON,6,3,"August 31, 2024 9:00 PM","EDMONTON, ALBERTA, CA",747.0,748.0
bkfc-65-ferea-vs-masson-wong,BKFC 65 FEREA VS MASSON-WONG,6,2,"September 6, 2024 8:00 PM","SALT LAKE CITY, UT",749.0,750.0
bkfc-66-blas-vs-reber,BKFC 66 BLAS VS REBER,6,1,"September 13, 2024 7:00 PM","HOLLYWOOD, FL",751.0,752.0
bkfc-on-dazn-spain,BKFC SPAIN TENAGLIA vs SOTO,5,10,"October 12, 2024 1:00 PM","MARBELLA, SPAIN",759.0,760.0
bkfc-67-camozzi-vs-depee,BKFC 67 CAMOZZI vs DEPEE,5,9,"October 25, 2024 8:00 PM",DENVER COLORADO,762.0,763.0
bkfc-prospects-myrtle-beach,BKFC PROSPECTS MYRTLE BEACH,5,8,"October 26, 2024 5:00 PM",MYRTLE BEACH,,
bkfc-68-faulkner-vs-oscar,BKFC 68 FAULKNER vs OSCAR,5,7,"November 2, 2024 3:00 PM","NEWCASTLE, UNITED KINGDOM",799.0,800.0
bkfc-on-dazn-montana,BKFC MONTANA STEWART vs RIVERA,5,6,"November 9, 2024 8:00 PM","BILLINGS, MONTANA",828.0,829.0
bkfc-fight-night-los-angeles,BKFC FIGHT NIGHT LOS ANGELES,5,5,"November 23, 2024 10:00 PM","LOS ANGELES, CA",830.0,831.0
bkfc-69-richardson-vs-larrimore,BKFC 69 RICHARDSON vs LARRIMORE,5,4,"December 6, 2024 7:00 PM","ATLANTA, GA",834.0,835.0
bkfc-on-dazn-hollywood,BKFC HOLLYWOOD WARREN vs RICHMAN,5,3,"December 21, 2024 7:00 PM","HOLLYWOOD, FL",836.0,837.0
bkfc-fight-night-pechanga-a6119,BKFC FIGHT NIGHT PECHANGA,5,2,"January 18, 2025 9:00 PM","Temecula, CA",860.0,861.0
bkfc-knucklemania-v,BKFC KNUCKLEMANIA V,5,1,"January 25, 2025 8:00 PM",PHILADELPHIA,862.0,
bkfc-on-dazn-mohegan-sun,BKFC MOHEGAN SUN LANE vs VANCAMP,4,10,"February 1, 2025 6:00 PM","Uncasville, CT",874.0,875.0
bkfc-fight-night-newcastle,BKFC FIGHT NIGHT NEWCASTLE,4,9,"February 8, 2025 2:00 PM","NEWCASTLE, UNITED KINGDOM",865.0,866.0
bkfc-fight-night-albuquerque,BKFC FIGHT NIGHT ALBUQUERQUE,4,8,"February 28, 2025 9:00 PM",ALBUQUERQUE,898.0,899.0
bkfc-fight-night-philly,BKFC FIGHT NIGHT PHILLY PAGUE vs ANGELCOR,4,7,"March 21, 2025 8:00 PM",2300 ARENA PHILADELPHIA,900.0,901.0
bkfc-70-hollywood,BKFC 70 HOLLYWOOD PALOMINO vs DAVIS,4,6,"March 27, 2025 7:00 PM",SEMINOLE HARD ROCK ARENA HOLLYWOOD,915.0,916.0
bkfc-fight-night-manchester,BKFC FIGHT NIGHT MANCHESTER CHIPCHASE vs FOX,4,5,"March 29, 2025 3:00 PM",PLANET ICE MANCHESTER,917.0,918.0
bkfc-71-dubai-trout-vs-trinidad-snake,BKFC 71 DUBAI TROUT vs TRINIDAD-SNAKE,4,4,"April 4, 2025 12:00 PM",DUBAI TENNIS CENTER DUBAI,919.0,920.0
bkfc-72-dubai-stewart-vs-strydom,BKFC 72 DUBAI STEWART vs STRYDOM,4,3,"April 5, 2025 12:00 PM",DUBAI TENNIS CENTER DUBAI,921.0,922.0
bkfc-fight-night-omaha-2,BKFC FIGHT NIGHT OMAHA COCHRANE vs EDWARDS,4,2,"April 18, 2025 8:00 PM",THE ASTRO OMAHA,936.0,937.0
bkfc-73-italy,BKFC 73 ITALY CAMOZZI vs BICCHI,4,1,"April 26, 2025 1:00 PM",PALAZZO WANNY FLORENCE,923.0,924.0
bkfc-fight-night-clearwater-ec210,BKFC FIGHT NIGHT CLEARWATER WARREN vs CREER,3,10,"May 2, 2025 8:00 PM","OCC ROAD HOUSE & MUSEUM CLEARWATER, FL",938.0,939.0
bkfc-74-salt-lake-city,BKFC 74 SALT LAKE CITY RICHMAN vs DYER,3,9,"May 10, 2025 8:00 PM","THE MAVERIK CENTER SALT LAKE CITY, UT",954.0,955.0
bkfc-75-albuquerque-mundell-vs-sanchez,BKFC 75 ALBUQUERQUE MUNDELL vs SANCHEZ,3,8,"June 6, 2025 8:00 PM","Tingley Coliseum Albuquerque, NM",965.0,966.0
bkfc-mohegan-sun,BKFC FIGHT NIGHT MOHEGAN SUN PORTER vs CLECKLER,3,7,"June 14, 2025 6:00 PM","MOHEGAN SUN ARENA UNCASVILLE, CT",956.0,957.0
bkfc-fort-worth,BKFC 76 TEXAS SOTO vs BONNER,3,6,"June 21, 2025 8:00 PM","DICKIES ARENA FORT WORTH, TX",958.0,959.0
bkfc-birmingham,BKFC 77 BIRMINGHAM TIERNEY vs CHRISTIE,3,5,"June 28, 2025 2:00 PM","BP Pulse Birmingham, UK",967.0,
bkfc-hollywood,BKFC 78 HOLLYWOOD PERDOMO vs ADAMS,3,4,"July 12, 2025 7:00 PM","HARD ROCK LIVE HOLLYWOOD, FL",994.0,
bkfc-fight-night-philly-pague-vs-peterson,BKFC FIGHT NIGHT PHILLY PAGUE vs PETERSEN,3,3,"July 25, 2025 8:00 PM",THE 2300 ARENA Philadelphia,1005.0,
bkfc-sturgis,BKFC 79 STURGIS GOGO vs LANE,3,2,"August 2, 2025 8:30 PM","The Buffalo Chip Sturgis, SD",1007.0,
bkfc-edmonton,BKFC FIGHT NIGHT EDMONTON STUVE vs SANTIAGO,3,1,"August 9, 2025 8:00 PM",RIVER CREE RESORT & CASINO,1026.0,1027.0
bkfc-budva,BKFC FIGHT NIGHT BUDVA BAKOCEVIC vs OTT,2,10,"August 30, 2025 2:00 PM","TOP HILL BUDVA, MONTENEGRO",1030.0,
bkfc-hollywood-2,BKFC 80 HOLLYWOOD PERDOMO vs ADAMS 2,2,9,"September 12, 2025 7:00 PM","HARD ROCK HOTEL & CASINO HOLLYWOOD, FL",1032.0,
bkfc-manchester,BKFC 81 MANCHESTER DEGALE vs FLOYD,2,8,"September 27, 2025 2:00 PM","AO ARENA MANCHESTER, UK",1047.0,
bkfc-new-jersey,BKFC 82 NEWARK PERRY vs STEPHENS,2,7,"October 4, 2025 6:00 PM","Prudential Center Newark, NJ",1050.0,
bkfc-hammond,BKFC FIGHT NIGHT HAMMOND HENRY vs STEWART,2,6,"October 18, 2025 9:00 PM","HORSESHOE HAMMOND, IN",1052.0,
bkfc-rome,BKFC 83 ITALY CAMOZZI vs SAKARA,2,5,"October 25, 2025 2:00 PM","Palazzo Dello Sport - Rome, Italy",1054.0,
bkfc-fight-night-michigan-rodriguez-vs-cavender,BKFC FIGHT NIGHT MICHIGAN RODRIGUEZ vs CAVENDER,2,4,"November 1, 2025 8:00 PM","SOARING EAGLE - MT PLEASANT, MI",1071.0,
bkfc-84-palm-desert,BKFC 84 PALM DESERT DYER vs HUNT 2,2,3,"November 15, 2025 9:00 PM","ACRISURE ARENA - Palm Desert, CA",1083.0,
bkfc-85-hollywood-palomino-vs-trout,BKFC 85 HOLLYWOOD TROUT vs PALOMINO 2,2,2,"December 5, 2025 7:00 PM","HARD ROCK HOTEL & CASINO - HOLLYWOOD, FL",1085.0,
bkfc-fight-night-derby,BKFC FIGHT NIGHT DERBY COOKE vs HOLMES,2,1,"December 13, 2025 2:00 PM",VAILLANT LIVE - DERBY UK,1097.0,
bkfc-fight-night-mohegan-sun,BKFC FIGHT NIGHT MOHEGAN SUN PORTER vs GARRETT,1,10,"December 20, 2025 6:00 PM","MOHEGAN SUN - UNCASVILLE, CT",1087.0,
bkfc-86-mohegan-sun-lane-vs-pague,BKFC 86 MOHEGAN SUN LANE vs PAGUE,1,9,"January 17, 2026 6:00 PM","MOHEGAN SUN - UNCASVILLE, CT",1114.0,
knucklemania-vi,BKFC KNUCKLEMANIA VI,1,8,"February 7, 2026 7:00 PM","Xfinity Mobile Arena - Philadelphia, PA",1116.0,
bkfc-fight-night-newcastle-2,BKFC FIGHT NIGHT NEWCASTLE TERRILL vs MCFARLANE,1,7,"March 14, 2026 3:00 PM","UTILITA ARENA - NEWCASTLE, UK",1132.0,
bkfc-87-hollywood,BKFC 87 HOLLYWOOD STEWART vs GAFFIE,1,6,"March 20, 2026 7:00 PM","HARD ROCK HOTEL & CASINO - HOLLYWOOD, FL",1134.0,
bkfc-fight-night-mohegan-sun-porter-vs-watson,BKFC FIGHT NIGHT MOHEGAN SUN PORTER vs WILSON,1,5,"March 28, 2026 6:00 PM","THE MOHEGAN SUN - UNCASVILLE, CT",1136.0,
bkfc-hawaii,BKFC FIGHT NIGHT HONOLULU PITOLO vs COLTRANE,1,4,"April 11, 2026 11:00 PM","BLAISDELL ARENA - HONOLULU, HI",1162.0,
bkfc-denver,BKFC 88 DENVER CAMOZZI vs RODRIGUEZ,1,3,"April 17, 2026 8:00 PM","COBANK ARENA @ NATIONAL WESTERN CENTER - DENVER, CO",1164.0,
bkfc-australia-2,BKFC FIGHT NIGHT AUSTRALIA HEPI vs WISNIEWSKI,1,2,"April 18, 2026 5:00 AM","TOWNSVILLE CONVENTION CENTER - TOWNSVILLE, AU",1166.0,
bkfc-clearwater,BKFC FIGHT NIGHT CLEARWATER GASKINS vs GUYMON,1,1,"April 24, 2026 8:00 PM","THE OCC ROADHOUSE - CLEARWATER, FL",1168.0,
