id,pk,slug,name,date,location,venue,event_order
RXZlbnROb2RlOjMxODQ=,3184,bkfc-2-rawlings-vs-hart,BKFC 2: Rawlings vs. Hart,2018-08-25,,,1
RXZlbnROb2RlOjMxODM=,3183,bkfc-3-adams-vs-shewmaker,BKFC 3: Adams vs. Shewmaker,2018-10-20,,,2
RXZlbnROb2RlOjMxODI=,3182,bkfc-4-usa-vs-mexico,BKFC 4: USA vs. Mexico,2019-02-02,,,3
RXZlbnROb2RlOjMxODE=,3181,bkfc-5-lobov-vs-knight,BKFC 5: Lobov vs. Knight,2019-04-06,,,4
RXZlbnROb2RlOjMxODA=,3180,bkfc-6-malignaggi-vs-lobov,BKFC 6: Malignaggi vs. Lobov,2019-06-22,,,5
RXZlbnROb2RlOjMxNzk=,3179,bkfc-7-alers-vs-garcia,BKFC 7: Alers vs. Garcia,2019-08-10,,,6
RXZlbnROb2RlOjMxNzg=,3178,bkfc-8-silva-vs-gonzaga,BKFC 8: Silva vs. Gonzaga,2019-10-19,,,7
RXZlbnROb2RlOjMxNzc=,3177,bkfc-9-lobov-vs-knight-2,BKFC 9: Lobov vs. Knight 2,2019-11-16,,,8
RXZlbnROb2RlOjMxNzY=,3176,bkfc-10-lombard-vs-mundell,BKFC 10: Lombard vs. Mundell,2020-02-15,,,9
RXZlbnROb2RlOjMxNzQ=,3174,bkfc-11-vallie-flagg-vs-palomino,BKFC 11: Vallie-Flagg vs. Palomino,2020-07-24,"Oxford, Mississippi",Lafayette County Multipurpose Arena,10
RXZlbnROb2RlOjMxNzM=,3173,bkfc-12,BKFC 12,2020-08-21,"Wichita, Kansas",INTRUST Bank Arena,11
RXZlbnROb2RlOjMxOTA=,3190,bkfc-12-alves-vs-lane,BKFC 12: Alves vs. Lane,2020-09-11,"Daytona Beach, Florida",Ocean Center,12
RXZlbnROb2RlOjMxODk=,3189,bkfc-13-beltran-vs-stamps,BKFC 13: Beltran vs. Stamps,2020-10-10,"Salina, Kansas",Tony's Pizza Events Center,13
RXZlbnROb2RlOjMyMzc=,3237,bkfc-14-palomino-vs-alers,BKFC 14: Palomino vs. Alers,2020-11-13,"Miami, Florida",InterContinental Miami,14
RXZlbnROb2RlOjMzMTQ=,3314,bkfc-knuckle-mania,BKFC: Knuckle Mania,2021-02-05,"Lakeland, Florida",RP Funding Center,15
RXZlbnROb2RlOjM1NDI=,3542,bkfc-16-garcia-vs-elmore,BKFC 16: Garcia vs. Elmore,2021-03-19,"Biloxi, Mississippi",Biloxi Civic Center,16
RXZlbnROb2RlOjM1NTM=,3553,bkfc-17-cleckler-vs-burns,BKFC 17: Cleckler vs. Burns,2021-04-30,"Birmingham, Alabama",Boutwell Auditorium,17
RXZlbnROb2RlOjM1ODI=,3582,bkfc-18-beltran-vs-shewmaker,BKFC 18: Beltran vs. Shewmaker,2021-06-26,Miami Florida,Hard Rock Stadium,18
RXZlbnROb2RlOjM2NTM=,3653,bkfc-19-vanzant-vs-ostovich,BKFC 19: VanZant vs. Ostovich,2021-07-23,"Tampa, Florida",Florida State Fairgrounds,19
RXZlbnROb2RlOjM3MDQ=,3704,bkfc-20-bedford-vs-barnett,BKFC 20: Bedford vs. Barnett,2021-08-20,"Biloxi, Mississippi",Mississippi Coast Coliseum,20
RXZlbnROb2RlOjM3MTY=,3716,bkfc-21,BKFC 21,2021-09-10,"Omaha, Nebraska",,21
RXZlbnROb2RlOjM3NzI=,3772,bkfc-fight-night-montana,BKFC Fight Night: Montana,2021-10-09,"Billings, Montana",First Interstate Arena,22
RXZlbnROb2RlOjM3NzE=,3771,bkfc-fight-night-wichita,BKFC Fight Night: Wichita,2021-10-23,"Wichita, Kansas",Hartman Arena,23
RXZlbnROb2RlOjM3NzA=,3770,bkfc-fight-night-new-york,BKFC Fight Night: New York,2021-11-06,"Seneca, New York",Seneca Allegany Resort & Casino Event Center,24
RXZlbnROb2RlOjM3MzU=,3735,bkfc-22-lombard-vs-hunt,BKFC 22: Lombard vs. Hunt,2021-11-12,"Miami, Florida",James L. Knight Center,25
RXZlbnROb2RlOjM4MDc=,3807,bkfc-fight-night-tampa,BKFC Fight Night: Tampa,2021-12-09,"Tampa, Florida",Seminole Hard Rock Hotel & Casino,26
RXZlbnROb2RlOjM4MjM=,3823,bkfc-fight-night-jackson,BKFC Fight Night: Jackson,2022-01-29,"Jackson, Mississippi",Jackson Convention Complex,27
RXZlbnROb2RlOjM4MjU=,3825,bkfc-knuckle-mania-2,BKFC: Knuckle Mania 2,2022-02-19,"Hollywood, Florida",Hard Rock Casino,28
RXZlbnROb2RlOjM5MTA=,3910,bkfc-fight-night-new-york-2,BKFC Fight Night: New York 2,2022-03-12,"Seneca, New York",Seneca Allegany Resort & Casino Event Center,29
RXZlbnROb2RlOjM5MzI=,3932,bkfc-23-richman-vs-rickels,BKFC 23: Richman vs. Rickels,2022-04-08,"Wichita, Kansas",Intrust Bank Arena,30
RXZlbnROb2RlOjM5NzA=,3970,bkfc-fight-night-ft-lauderdale,BKFC Fight Night: Ft. Lauderdale,2022-04-21,"Ft. Lauderdale, Fla.",Charles F. Dodge City Center,31
RXZlbnROb2RlOjM5Njk=,3969,bkfc-24-hunt-vs-riggs,BKFC 24: Hunt vs. Riggs,2022-04-30,"Great Falls, Montana",Pacific Steel and Recycling Four Seasons Arena,32
RXZlbnROb2RlOjM5ODc=,3987,bkfc-25-adams-vs-cleckler,BKFC 25: Adams vs. Cleckler,2022-05-06,"Orlando, Florida",Caribe Royale Resort,33
RXZlbnROb2RlOjM5Njc=,3967,bkfc-fight-night-omaha,BKFC Fight Night: Omaha,2022-05-13,"Omaha, Nebraska",Liberty First Credit Union Arena,34
RXZlbnROb2RlOjQwNDQ=,4044,bkfc-fight-night-jackson-2,BKFC Fight Night: Jackson 2,2022-06-11,"Jackson, Mississippi",Jackson Convention Complex,35
RXZlbnROb2RlOjQyNzU=,4275,bkfc-26-brito-vs-palomino-2,BKFC 26: Brito vs. Palomino 2,2022-06-24,"Hollywood, Florida",Seminole Hard Rock Hotel & Casino,36
RXZlbnROb2RlOjQzMTU=,4315,bkfc-fight-night-tampa-2,BKFC Fight Night: Tampa 2,2022-07-23,"Tampa, Florida",Florida State Fairgrounds,37
RXZlbnROb2RlOjQyNzg=,4278,bkfc-27-mvp-vs-platinum,BKFC 27: MVP vs. Platinum,2022-08-20,"London, England",OVO Arena Wembley,38
RXZlbnROb2RlOjQyNzc=,4277,bkfc-28-ferea-vs-starling,BKFC 28: Ferea vs. Starling,2022-08-27,"Albuquerque, New Mexico",Rio Rancho Events Center,39
RXZlbnROb2RlOjQzNzU=,4375,bkfc-thailand-3,BKFC: Thailand 3,2022-09-03,"Bangkok, Thailand",Rajadamnern Stadium,40
RXZlbnROb2RlOjQzNTY=,4356,bkfc-29-montana-2,BKFC 29: Montana 2,2022-09-10,"Great Falls, Montana",Four Seasons Arena,41
RXZlbnROb2RlOjQzOTk=,4399,bkfc-30-hunt-vs-henry,BKFC 30: Hunt vs. Henry,2022-10-01,"Monroe, Louisiana",Fant-Ewing Coliseum,42
RXZlbnROb2RlOjQzOTQ=,4394,bkfc-31-richman-vs-doolittle,BKFC 31: Richman vs. Doolittle,2022-10-15,"Broomfield, Colorado",1st Bank Center,43
RXZlbnROb2RlOjQ0MzY=,4436,bkfc-32-barnett-vs-herrera,BKFC 32: Barnett vs. Herrera,2022-11-05,"Orlando, Florida",Caribe Royale,44
RXZlbnROb2RlOjQ0Mzk=,4439,bkfc-33-beltran-vs-alexander,BKFC 33: Beltran vs. Alexander,2022-11-18,"Omaha, Nebraska",Liberty First Arena,45
RXZlbnROb2RlOjQ0MTU=,4415,bkfc-fight-night-newcastle,BKFC Fight Night: Newcastle,2022-11-26,"Newcastle, United Kingdom",Walker Activity Dome,46
RXZlbnROb2RlOjQ0NDg=,4448,bkfc-34-palomino-vs-shoaff,BKFC 34: Palomino vs. Shoaff,2022-12-03,"Hollywood, Florida",Seminole Hard Rock Hotel & Casino,47
RXZlbnROb2RlOjQ1MTk=,4519,bkfc-35-cedeno-vs-slaveski,BKFC 35: Cedeno vs. Slaveski,2023-01-27,"Myrtle Beach, South Carolina",John T. Rhodes Sports Center,48
RXZlbnROb2RlOjQ1MjY=,4526,bkfc-knuckle-mania-3,BKFC: Knuckle Mania 3,2023-02-17,"Albuquerque, New Mexico",Tingley Coliseum,49
RXZlbnROb2RlOjQ1MjU=,4525,bkfc-36-adams-vs-belcher,BKFC 36: Adams vs. Belcher,2023-02-24,"Kenner, Louisiana",Pontchartrain Convention Center,50
RXZlbnROb2RlOjQ1MjQ=,4524,bkfc-37-tierney-vs-lindsey,BKFC 37: Tierney vs. Lindsey,2023-03-04,"London, England",Crystal Palace National Sports Centre,51
RXZlbnROb2RlOjQ1OTk=,4599,bkfc-38-nguyen-vs-straus,BKFC 38: Nguyen vs. Straus,2023-03-17,"Delray Beach, Florida",Delray Beach Tennis Center,52
RXZlbnROb2RlOjQ1NzY=,4576,bkfc-39-barnett-jr-vs-alvarez,BKFC 39: Barnett Jr. vs. Alvarez,2023-03-24,"Norfolk, Virginia",Scope Arena,53
RXZlbnROb2RlOjQ2NzA=,4670,bkfc-38-nguyen-vs-straus,BKFC 38: Nguyen vs. Straus,2023-04-21,"Hollywood, Florida",Seminole Hard Rock Hotel & Casino,54
RXZlbnROb2RlOjQ2NDg=,4648,bkfc-40-holmes-vs-christie,BKFC 40: Holmes vs. Christie,2023-04-22,"Leeds, United Kingdom",Planet Ice Leeds,55
RXZlbnROb2RlOjQ2MjA=,4620,bkfc-41-perry-vs-rockhold,BKFC 41: Perry vs. Rockhold,2023-04-29,"Broomfield, Colorado",1STBANK Center,56
RXZlbnROb2RlOjQ2NTg=,4658,bkfc-42-soto-vs-goodjohn,BKFC 42: Soto vs. Goodjohn,2023-05-12,"Greenville, South Carolina",Bon Secours Wellness Arena,57
RXZlbnROb2RlOjQ2NjQ=,4664,bkfc-43-alexander-vs-smith,BKFC 43: Alexander vs. Smith,2023-05-19,"Omaha, Nebraska",Liberty First Arena,58
RXZlbnROb2RlOjQ3MDE=,4701,bkfc-44-stewart-vs-lopez,BKFC 44: Stewart vs. Lopez,2023-06-09,"Great Falls, Montana",Four Seasons Arena,59
RXZlbnROb2RlOjQ3NTM=,4753,bkfc-45-palomino-vs-lilley,BKFC 45: Palomino vs. Lilley,2023-06-23,"Hollywood, Florida",Seminole Hard Rock Hotel & Casino,60
RXZlbnROb2RlOjQ3NDY=,4746,bkfc-46-franco-vs-tenaglia,BKFC 46: Franco vs. Tenaglia,2023-07-01,"Newcastle, United Kingdom",Walker Activity Dome,61
RXZlbnROb2RlOjQ3NjQ=,4764,bkfc-47-mundell-vs-richman,BKFC 47: Mundell vs. Richman,2023-07-14,"Lakeland, Florida",Jenkins Arena,62
RXZlbnROb2RlOjUwMTY=,5016,bkfc-48-dodson-vs-ridge,BKFC 48: Dodson vs. Ridge,2023-08-11,"Albuquerque, New Mexico",Tingley Coliseum,63
RXZlbnROb2RlOjUxMTQ=,5114,bkfc-prospect-series-1,BKFC Prospect Series 1,2023-08-24,"Miami, Florida",Miami-Dade Fairgrounds,64
RXZlbnROb2RlOjUwODI=,5082,bkfc-49-slaveski-vs-lindsey,BKFC 49: Slaveski vs. Lindsey,2023-08-25,"Miami, Florida",Miami-Dade Fairgrounds,65
RXZlbnROb2RlOjUxNDU=,5145,bkfc-50-hunt-vs-camozzi,BKFC 50: Hunt vs. Camozzi,2023-09-22,"Denver, Colorado",1STBANK Center,66
RXZlbnROb2RlOjUxNTE=,5151,bkfc-51-hart-vs-shah,BKFC 51: Hart vs. Shah,2023-09-29,"Salem, Virginia",Salem Civic Center,67
RXZlbnROb2RlOjUyOTA=,5290,bkfc-prospect-series-2,BKFC Prospect Series 2,2023-10-14,"Liverpool, England, United Kingdom",Liverpool Olympia,68
RXZlbnROb2RlOjUxNTA=,5150,bkfc-52-barnett-vs-richardson,BKFC 52: Barnett vs. Richardson,2023-10-20,"Columbia, South Carolina",Colonial Life Arena,69
RXZlbnROb2RlOjUyOTE=,5291,bkfc-53-mundell-vs-coltrane,BKFC 53: Mundell vs. Coltrane,2023-11-03,"Orlando, Florida",Orange County Convention Center,70
RXZlbnROb2RlOjUxNzk=,5179,bkfc-thailand-5,BKFC: Thailand 5,2023-11-04,"Pattaya, Thailand",Pattaya Exhibition and Convention Hall,71
RXZlbnROb2RlOjUxNjc=,5167,bkfc-54-dimitrov-vs-zhelyazkov,BKFC 54: Dimitrov vs. Zhelyazkov,2023-11-17,"Sofia, Bulgaria",Arena Sofia,72
RXZlbnROb2RlOjUyOTQ=,5294,bkfc-55-christie-vs-warren,BKFC 55: Christie vs. Warren,2023-11-18,"Leeds, England",Planet Ice Leeds,73
RXZlbnROb2RlOjUzMDc=,5307,bkfc-56-perry-vs-alvarez,BKFC 56: Perry vs. Alvarez,2023-12-02,"Salt Lake City, Utah",Maverik Center,74
RXZlbnROb2RlOjUzODg=,5388,bkfc-prospect-series-3,BKFC Prospect Series 3,2024-01-27,"Albuquerque, New Mexico, United States",Revel Arena,75
RXZlbnROb2RlOjUzODQ=,5384,bkfc-57-palomino-vs-trout,BKFC 57: Palomino vs. Trout,2024-02-02,"Hollywood, Florida",Seminole Hard Rock Hotel & Casino,76
RXZlbnROb2RlOjU0NDk=,5449,bkfc-prospect-series-manassas,BKFC Prospect Series: Manassas,2024-02-16,"Manassas, Virginia",The Salisbury Center,77
RXZlbnROb2RlOjUzNTQ=,5354,bkfc-prospect-series-canada,BKFC Prospect Series: Canada,2024-03-02,"Enoch, Alberta, Canada",River Cree Resort & Casino,78
RXZlbnROb2RlOjU1MjA=,5520,bkfc-fight-night-miami,BKFC Fight Night: Miami,2024-03-15,"Miami, Florida",Vivo! Dolphin Mall,79
RXZlbnROb2RlOjU0NDg=,5448,bkfc-58-markulev-vs-kolev,BKFC 58: Markulev vs. Kolev,2024-03-22,"Sofia, Bulgaria",Arena Sofia,80
RXZlbnROb2RlOjU0OTE=,5491,bkfc-59-dodson-vs-aguero,BKFC 59: Dodson vs. Aguero,2024-03-29,"Albuquerque, New Mexico",Tingley Coliseum,81
RXZlbnROb2RlOjU1MDc=,5507,bkfc-60-lilley-vs-tenaglia,BKFC 60: Lilley vs. Tenaglia,2024-04-06,"Milton Keynes, United Kingdom",,82
RXZlbnROb2RlOjU1MzY=,5536,bkfc-fight-night-clearwater,BKFC Fight Night: Clearwater,2024-04-12,"Tampa, Florida",,83
RXZlbnROb2RlOjU2MjM=,5623,bkfc-prospect-series-salem-event-cancell,BKFC Prospect Series: Salem (Event Cancell...,2024-04-20,"Salem, Virginia",,84
RXZlbnROb2RlOjU2MjI=,5622,bkfc-knuckle-mania-4,BKFC: Knuckle Mania 4,2024-04-27,"Los Angeles, California",Peacock Theater,85
RXZlbnROb2RlOjU2MjE=,5621,bkfc-61-rivera-vs-straus,BKFC 61: Rivera vs. Straus,2024-05-11,,,86
RXZlbnROb2RlOjU2MjA=,5620,bkfc-fight-night-omaha,BKFC Fight Night: Omaha,2024-05-17,,,87
RXZlbnROb2RlOjU2MTk=,5619,bkfc-fight-night-puebla,BKFC Fight Night: Puebla,2024-05-25,,,88
RXZlbnROb2RlOjU2MTg=,5618,bkfc-prospect-series-denver,BKFC Prospect Series: Denver,2024-05-31,,,89
RXZlbnROb2RlOjU2MzE=,5631,bkfc-prospect-series-newcastle,BKFC Prospect Series: Newcastle,2024-06-08,,,90
RXZlbnROb2RlOjU3ODc=,5787,bkfc-62-stewart-vs-duran,BKFC 62: Stewart vs. Duran,2024-06-21,,,91
RXZlbnROb2RlOjU4MTA=,5810,bkfc-fight-night-temecula,BKFC Fight Night: Temecula,2024-07-12,,,92
RXZlbnROb2RlOjU4NDc=,5847,bkfc-63-hart-vs-starling,BKFC 63: Hart vs. Starling,2024-08-03,,,93
RXZlbnROb2RlOjU4Mzg=,5838,bkfc-64-tierney-vs-graham,BKFC 64: Tierney vs. Graham,2024-08-10,,,94
RXZlbnROb2RlOjU4NjU=,5865,bkfc-fight-night-kansas-city,BKFC Fight Night: Kansas City,2024-08-16,,,95
RXZlbnROb2RlOjU4ODQ=,5884,bkfc-prospect-series-edmonton,BKFC Prospect Series: Edmonton,2024-08-31,,,96
RXZlbnROb2RlOjU4ODM=,5883,bkfc-65-ferea-vs-masson-wong,BKFC 65: Ferea vs. Masson-Wong,2024-09-06,,,97
RXZlbnROb2RlOjU4ODI=,5882,bkfc-66-blas-vs-reber,BKFC 66: Blas vs. Reber,2024-09-13,,,98
RXZlbnROb2RlOjU5MDg=,5908,bkfc-on-dazn-1-tenaglia-vs-soto,BKFC on DAZN 1: Tenaglia vs. Soto,2024-10-12,,,99
RXZlbnROb2RlOjU5NzU=,5975,bkfc-67-camozzi-vs-depee,BKFC 67: Camozzi vs. Depee,2024-10-25,,,100
RXZlbnROb2RlOjU5ODY=,5986,bkfc-prospect-series-myrtle-beach,BKFC Prospect Series: Myrtle Beach,2024-10-26,,,101
RXZlbnROb2RlOjYwNDE=,6041,bkfc-68-faulkner-vs-oscar,BKFC 68: Faulkner vs. Oscar,2024-11-02,,,102
RXZlbnROb2RlOjYwNDA=,6040,bkfc-on-dazn-2-stewart-vs-rivera,BKFC on DAZN 2: Stewart vs. Rivera,2024-11-09,,,103
RXZlbnROb2RlOjYwMzk=,6039,bkfc-fight-night-los-angeles,BKFC Fight Night: Los Angeles,2024-11-23,,,104
RXZlbnROb2RlOjYwMzg=,6038,bkfc-69-richardson-vs-larrimore,BKFC 69: Richardson vs. Larrimore,2024-12-06,,,105
RXZlbnROb2RlOjYwMzc=,6037,bkfc-on-dazn-3-warren-vs-richman,BKFC on DAZN 3: Warren vs. Richman,2024-12-21,,,106
RXZlbnROb2RlOjYwODc=,6087,bkfc-fight-night-pechanga,BKFC Fight Night: Pechanga,2025-01-18,,,107
RXZlbnROb2RlOjYwNzI=,6072,bkfc-knuckle-mania-5,BKFC: Knuckle Mania 5,2025-01-25,,,108
RXZlbnROb2RlOjYxMDU=,6105,bkfc-on-dazn-4-lane-vs-vancamp,BKFC on DAZN 4: Lane vs. VanCamp,2025-02-01,,,109
RXZlbnROb2RlOjYwOTk=,6099,bkfc-fight-night-newcastle,BKFC Fight Night: Newcastle,2025-02-08,,,110
RXZlbnROb2RlOjYxNjA=,6160,bkfc-fight-night-albuquerque,BKFC Fight Night: Albuquerque,2025-02-28,,,111
RXZlbnROb2RlOjYxNTk=,6159,bkfc-fight-night-philly,BKFC Fight Night: Philly,2025-03-21,,,112
RXZlbnROb2RlOjYxNDE=,6141,bkfc-fight-night-hollywood,BKFC Fight Night: Hollywood,2025-03-27,,,113
RXZlbnROb2RlOjYxNzY=,6176,bkfc-fight-night-manchester,BKFC Fight Night: Manchester,2025-03-29,,,114
RXZlbnROb2RlOjY0MjM=,6423,bkfc-71-trout-vs-trinidad-snake,BKFC 71: Trout vs. Trinidad-Snake,2025-04-04,,,115
RXZlbnROb2RlOjYxODA=,6180,bkfc-72-stewart-vs-strydom,BKFC 72: Stewart vs. Strydom,2025-04-05,,,116
RXZlbnROb2RlOjYyMDU=,6205,bkfc-fight-night-omaha,BKFC Fight Night: Omaha,2025-04-18,,,117
RXZlbnROb2RlOjYxNzU=,6175,bkfc-73-camozzi-vs-bicchi,BKFC 73: Camozzi vs. Bicchi,2025-04-26,,,118
RXZlbnROb2RlOjYzNjc=,6367,bkfc-fight-night-clearwater,BKFC Fight Night: Clearwater,2025-05-02,,,119
RXZlbnROb2RlOjYyMDQ=,6204,bkfc-74-richman-vs-dyer,BKFC 74: Richman vs. Dyer,2025-05-10,,,120
RXZlbnROb2RlOjY0NTA=,6450,bkfc-75-mundell-vs-sanchez,BKFC 75: Mundell vs. Sanchez,2025-06-06,,,121
RXZlbnROb2RlOjYzNjY=,6366,bkfc-fight-night-mohegan-sun,BKFC Fight Night: Mohegan Sun,2025-06-14,,,122
RXZlbnROb2RlOjY0MDQ=,6404,bkfc-ice-wars-1-battle-of-the-border,BKFC Ice Wars 1: Battle of the Border,2025-06-14,,,123
RXZlbnROb2RlOjY0NjA=,6460,bkfc-76-bonner-vs-soto,BKFC 76: Bonner vs. Soto,2025-06-21,,,124
RXZlbnROb2RlOjY1ODI=,6582,bkfc-77-tierney-vs-christie,BKFC 77: Tierney vs. Christie,2025-06-28,,,125
RXZlbnROb2RlOjY0NjY=,6466,bkfc-78-perdomo-vs-adams,BKFC 78: Perdomo vs. Adams,2025-07-12,,,126
RXZlbnROb2RlOjY1MDQ=,6504,bkfc-79-rothwell-vs-simon-cancelled,BKFC 79: Rothwell vs. Simon (Cancelled),2025-07-15,,,127
RXZlbnROb2RlOjY1NzM=,6573,bkfc-fight-night-philly,BKFC Fight Night: Philly,2025-07-25,,,128
RXZlbnROb2RlOjY1NzI=,6572,bkfc-79-gogo-vs-lane,BKFC 79: Gogo vs. Lane,2025-08-02,,,129
RXZlbnROb2RlOjY1ODU=,6585,bkfc-fight-night-edmonton,BKFC Fight Night: Edmonton,2025-08-09,,,130
RXZlbnROb2RlOjY2MzQ=,6634,bkfc-fight-night-budva,BKFC Fight Night: Budva,2025-08-30,,,131
RXZlbnROb2RlOjY2MTQ=,6614,bkfc-80-perdomo-vs-adams-2,BKFC 80: Perdomo vs. Adams 2,2025-09-12,,,132
RXZlbnROb2RlOjY2MzM=,6633,bkfc-81-degale-vs-floyd,BKFC 81: DeGale vs. Floyd,2025-09-27,,,133
RXZlbnROb2RlOjY2MzI=,6632,bkfc-82-perry-vs-stephens,BKFC 82: Perry vs. Stephens,2025-10-04,,,134
RXZlbnROb2RlOjY2NDk=,6649,bkfc-fight-night-hammond,BKFC Fight Night: Hammond,2025-10-18,,,135
RXZlbnROb2RlOjY2MzE=,6631,bkfc-83-camozzi-vs-sakara,BKFC 83: Camozzi vs. Sakara,2025-10-25,,,136
RXZlbnROb2RlOjg2MzE=,8631,bkfc-fight-night-michigan,BKFC Fight Night: Michigan,2025-11-01,,,137
RXZlbnROb2RlOjg1OTQ=,8594,bkfc-fight-night-burgas-cancelled,BKFC Fight Night: Burgas (Cancelled),2025-11-08,,,138
RXZlbnROb2RlOjg3MTQ=,8714,bkfc-84-dyer-vs-hunt-2,BKFC 84: Dyer vs. Hunt 2,2025-11-15,,,139
RXZlbnROb2RlOjg3MjY=,8726,bkfc-85-trout-vs-palomino,BKFC 85: Trout vs. Palomino,2025-12-05,,,140
RXZlbnROb2RlOjg3ODE=,8781,bkfc-fight-night-derby,BKFC Fight Night: Derby,2025-12-13,,,141
RXZlbnROb2RlOjg3NTU=,8755,bkfc-fight-night-mohegan-sun,BKFC Fight Night: Mohegan Sun,2025-12-20,,,142
RXZlbnROb2RlOjg4MzU=,8835,bkfc-86-lane-vs-pague,BKFC 86: Lane vs. Pague,2026-01-17,,,143
RXZlbnROb2RlOjg3ODA=,8780,bkfc-knuckle-mania-6,BKFC: Knuckle Mania 6,2026-02-07,,,144
RXZlbnROb2RlOjg5MTU=,8915,bkfc-fight-night-newcastle,BKFC Fight Night: Newcastle,2026-03-14,,,145
RXZlbnROb2RlOjg5Mzc=,8937,bkfc-87-stewart-vs-gaffie,BKFC 87: Stewart vs. Gaffie,2026-03-20,,,146
RXZlbnROb2RlOjg5MDc=,8907,bkfc-fight-night-mohegan-sun,BKFC Fight Night: Mohegan Sun,2026-03-28,,,147
RXZlbnROb2RlOjkwNTA=,9050,the-road-to-bkfc-gloved-edition,The Road to BKFC: Gloved Edition,2026-04-05,,,148
RXZlbnROb2RlOjg5NTA=,8950,bkfc-fight-club-1-cancelled,BKFC Fight Club 1 (Cancelled),2026-04-07,,,149
RXZlbnROb2RlOjg5MTQ=,8914,bkfc-fight-night-hawaii,BKFC Fight Night: Hawaii,2026-04-11,,,150
RXZlbnROb2RlOjg5ODE=,8981,bkfc-88-camozzi-vs-rodriguez,BKFC 88: Camozzi vs. Rodriguez,2026-04-17,,,151
RXZlbnROb2RlOjg5ODA=,8980,bkfc-fight-night-australia,BKFC Fight Night: Australia,2026-04-18,,,152
RXZlbnROb2RlOjg5Nzk=,8979,bkfc-fight-night-clearwater,BKFC Fight Night: Clearwater,2026-04-24,,,153
